{
  "album": "Patriot Act Up",
  "songs": [
    {
      "track": 9,
      "folder": "Moron_Parade",
      "title": "Moron Parade",
      "overview": "index.html",
      "audio": {
        "mp3": "song.mp3",
        "flac": ""
      },
      "parts": [
        {
          "name": "Drums",
          "html": "drums.html",
          "stem": "stems/drums.wav",
          "notes": "147 BPM punk drive. Highlight 'Hey! Hey!' lines."
        },
        {
          "name": "Rhythm Guitar",
          "html": "rhythm_guitar.html",
          "stem": "stems/rhythm_guitar.wav",
          "notes": "Punchy distortion. Power riffs."
        },
        {
          "name": "Lead Guitar",
          "html": "lead_guitar.html",
          "stem": "stems/lead_guitar.wav",
          "notes": "Snide leads and punk twang."
        },
        {
          "name": "Vocals",
          "html": "vocals.html",
          "stem": "stems/vocals.wav",
          "notes": "Sarcastic delivery. Chantable chorus lines."
        }
      ]
    }
  ]
}