{
  "album": "Patriot Act Up",
  "songs": [
    {
      "track": 10,
      "folder": "Prop_K_Parade",
      "title": "Prop. K Parade",
      "overview": "index.html",
      "audio": {
        "mp3": "song.mp3",
        "flac": ""
      },
      "parts": [
        {
          "name": "Drums",
          "html": "drums.html",
          "stem": "stems/drums.wav",
          "notes": "144 BPM punk tempo. Emphasize post-chorus repetition."
        },
        {
          "name": "Rhythm Guitar",
          "html": "rhythm_guitar.html",
          "stem": "stems/rhythm_guitar.wav",
          "notes": "Palm mutes and wide choruses. Drop D drive."
        },
        {
          "name": "Lead Guitar",
          "html": "lead_guitar.html",
          "stem": "stems/lead_guitar.wav",
          "notes": "Accent pre-chorus with leads and octave lines."
        },
        {
          "name": "Vocals",
          "html": "vocals.html",
          "stem": "stems/vocals.wav",
          "notes": "Chorus gang vocals. Snarled lead delivery."
        }
      ]
    }
  ]
}