{
  "album": "Patriot Act Up",
  "songs": [
    {
      "track": 6,
      "folder": "Empty_Storefronts",
      "title": "Empty Storefronts",
      "overview": "index.html",
      "audio": {
        "mp3": "",
        "flac": "song.flac"
      },
      "parts": [
        {
          "name": "Drums",
          "html": "drums.html",
          "stem": "stems/drums.wav",
          "notes": "139 BPM with punchy punk cadence and breakdown snare work."
        },
        {
          "name": "Rhythm Guitar",
          "html": "rhythm_guitar.html",
          "stem": "stems/rhythm_guitar.wav",
          "notes": "Fast palm mutes and power chords on chorus."
        },
        {
          "name": "Lead Guitar",
          "html": "lead_guitar.html",
          "stem": "stems/lead_guitar.wav",
          "notes": "Sharp dissonance and staccato riffs."
        },
        {
          "name": "Vocals",
          "html": "vocals.html",
          "stem": "stems/vocals.wav",
          "notes": "Snide delivery with gang 'Bye bye bye' in post-chorus."
        }
      ]
    }
  ]
}