{
  "album": "Patriot Act Up",
  "songs": [
    {
      "track": 8,
      "folder": "Howl",
      "title": "Coyotes Return",
      "overview": "index.html",
      "audio": {
        "mp3": "song.mp3",
        "flac": ""
      },
      "parts": [
        {
          "name": "Drums",
          "html": "drums.html",
          "stem": "stems/drums.wav",
          "notes": "156 BPM. Forward momentum. Hit on 'Howl' accents."
        },
        {
          "name": "Rhythm Guitar",
          "html": "rhythm_guitar.html",
          "stem": "stems/rhythm_guitar.wav",
          "notes": "Punchy punk chords. Chorus should lift explosively."
        },
        {
          "name": "Lead Guitar",
          "html": "lead_guitar.html",
          "stem": "stems/lead_guitar.wav",
          "notes": "Overlay melodic motifs. Consider delay on outro."
        },
        {
          "name": "Vocals",
          "html": "vocals.html",
          "stem": "stems/vocals.wav",
          "notes": "Urban myth delivery. Reverb or echo on 'howl' lines."
        }
      ]
    }
  ]
}