{
  "album": "Patriot Act Up",
  "songs": [
    {
      "track": 11,
      "folder": "Punk_With_Benefits",
      "title": "Punk with Benefits",
      "overview": "index.html",
      "audio": {
        "mp3": "song.mp3",
        "flac": ""
      },
      "parts": [
        {
          "name": "Drums",
          "html": "drums.html",
          "stem": "stems/drums.wav",
          "notes": "NOFX-speed 185 BPM. Rumble in bridge."
        },
        {
          "name": "Rhythm Guitar",
          "html": "rhythm_guitar.html",
          "stem": "stems/rhythm_guitar.wav",
          "notes": "Power E chord progressions. Heavy chorus ring-outs."
        },
        {
          "name": "Lead Guitar",
          "html": "lead_guitar.html",
          "stem": "stems/lead_guitar.wav",
          "notes": "Chirpy octave stabs and expressive fills."
        },
        {
          "name": "Vocals",
          "html": "vocals.html",
          "stem": "stems/vocals.wav",
          "notes": "Talk-sung verses, melodic choruses, sassy spoken bridge."
        }
      ]
    }
  ]
}