{
  "album": "Patriot Act Up",
  "songs": [
    {
      "track": 3,
      "folder": "Circlin_the_Drain",
      "title": "Circlin' the Drain in a Limousine",
      "overview": "index.html",
      "audio": {
        "mp3": "song.mp3",
        "flac": ""
      },
      "parts": [
        {
          "name": "Drums",
          "html": "drums.html",
          "stem": "stems/drums.wav",
          "notes": "Hard-hitting punk beat with breakdown."
        },
        {
          "name": "Rhythm Guitar",
          "html": "rhythm_guitar.html",
          "stem": "stems/rhythm_guitar.wav",
          "notes": "Downstrokes, punk drive, heavy chords."
        },
        {
          "name": "Lead Guitar",
          "html": "lead_guitar.html",
          "stem": "stems/lead_guitar.wav",
          "notes": "Sarcastic leads, dive bombs, fills."
        },
        {
          "name": "Vocals",
          "html": "vocals.html",
          "stem": "stems/vocals.wav",
          "notes": "Satirical delivery, shouted group lines."
        }
      ]
    }
  ]
}