{
  "album": "Patriot Act Up",
  "songs": [
    {
      "track": 7,
      "folder": "Great_Highway_to_Nowhere",
      "title": "Great Highway to Nowhere",
      "overview": "index.html",
      "audio": {
        "mp3": "song.mp3",
        "flac": ""
      },
      "parts": [
        {
          "name": "Drums",
          "html": "drums.html",
          "stem": "stems/drums.wav",
          "notes": "Driving punk rhythm. Accents on 'overflow' lines."
        },
        {
          "name": "Rhythm Guitar",
          "html": "rhythm_guitar.html",
          "stem": "stems/rhythm_guitar.wav",
          "notes": "Drop D. Palm-muted verses. Big chorus."
        },
        {
          "name": "Lead Guitar",
          "html": "lead_guitar.html",
          "stem": "stems/lead_guitar.wav",
          "notes": "High string bends and tension-building slides."
        },
        {
          "name": "Vocals",
          "html": "vocals.html",
          "stem": "stems/vocals.wav",
          "notes": "Angsty, urgent. Big shouts on post-chorus lines."
        }
      ]
    }
  ]
}