{
  "album": "Patriot Act Up",
  "songs": [
    {
      "track": 15,
      "folder": "Trade_War",
      "title": "Trade War (for Money)",
      "overview": "index.html",
      "audio": {
        "mp3": "song.mp3",
        "flac": ""
      },
      "parts": [
        {
          "name": "Drums",
          "html": "drums.html",
          "stem": "stems/drums.wav",
          "notes": ""
        },
        {
          "name": "Rhythm Guitar",
          "html": "rhythm_guitar.html",
          "stem": "stems/rhythm_guitar.wav",
          "notes": ""
        },
        {
          "name": "Lead Guitar",
          "html": "lead_guitar.html",
          "stem": "stems/lead_guitar.wav",
          "notes": ""
        },
        {
          "name": "Vocals",
          "html": "vocals.html",
          "stem": "stems/vocals.wav",
          "notes": ""
        }
      ]
    }
  ]
}